,Segment,ROI,CPA,Cluster
0,A,1.349429147138438,25.841173138333435,2
1,B,0.841367205292727,51.96731838329926,0
2,C,2.008150183732077,22.431373605479873,1
